{
    "name": "root",
    "gauges": {
        "shooter.Policy.Entropy.mean": {
            "value": 1.206425666809082,
            "min": 1.206425666809082,
            "max": 1.7297457456588745,
            "count": 177
        },
        "shooter.Policy.ExtrinsicValueEstimate.mean": {
            "value": 17.64164161682129,
            "min": 1.7657910585403442,
            "max": 44.33894729614258,
            "count": 177
        },
        "shooter.Losses.PolicyLoss.mean": {
            "value": 0.036697152262604504,
            "min": 0.030513636575676628,
            "max": 0.0916145238760464,
            "count": 177
        },
        "shooter.Losses.ValueLoss.mean": {
            "value": 158.3251901268959,
            "min": 95.89948678016663,
            "max": 461.8043815612793,
            "count": 177
        },
        "shooter.Policy.LearningRate.mean": {
            "value": 0.00013405568531479,
            "min": 0.00013405568531479,
            "max": 0.00023959046013652,
            "count": 177
        },
        "shooter.Policy.Epsilon.mean": {
            "value": 0.18937041999999998,
            "min": 0.18937041999999998,
            "max": 0.25972696,
            "count": 177
        },
        "shooter.Policy.Beta.mean": {
            "value": 0.004474052479,
            "min": 0.004474052479,
            "max": 0.007988361651999999,
            "count": 177
        },
        "shooter.Environment.EpisodeLength.mean": {
            "value": 118.28767123287672,
            "min": 101.72340425531915,
            "max": 367.6818181818182,
            "count": 177
        },
        "shooter.Environment.CumulativeReward.mean": {
            "value": 1.6565885453284541,
            "min": -202.14323113181374,
            "max": 45.9664106418177,
            "count": 177
        },
        "shooter.Policy.ExtrinsicReward.mean": {
            "value": 1.6565885453284541,
            "min": -202.14323113181374,
            "max": 45.9664106418177,
            "count": 177
        },
        "shooter.IsTraining.mean": {
            "value": 1.0,
            "min": 1.0,
            "max": 1.0,
            "count": 177
        }
    },
    "metadata": {
        "timer_format_version": "0.1.0",
        "start_time_seconds": "1611662220",
        "python_version": "3.7.7 (tags/v3.7.7:d7c567b08f, Mar 10 2020, 10:41:24) [MSC v.1900 64 bit (AMD64)]",
        "command_line_arguments": "F:\\python 3.7\\Scripts\\mlagents-learn config/shooter_config.yaml --initialize-from=test7 --run-id=test11 --resume",
        "mlagents_version": "0.23.0",
        "mlagents_envs_version": "0.23.0",
        "communication_protocol_version": "1.3.0",
        "pytorch_version": "1.7.1+cpu",
        "numpy_version": "1.19.5",
        "end_time_seconds": "1611666378"
    },
    "total": 4158.4529471999995,
    "count": 1,
    "self": 0.018779600000016217,
    "children": {
        "run_training.setup": {
            "total": 0.12876960000000004,
            "count": 1,
            "self": 0.12876960000000004
        },
        "TrainerController.start_learning": {
            "total": 4158.3053979999995,
            "count": 1,
            "self": 6.34822390006957,
            "children": {
                "TrainerController._reset_env": {
                    "total": 32.769794899999994,
                    "count": 1,
                    "self": 32.769794899999994
                },
                "TrainerController.advance": {
                    "total": 4119.001274099929,
                    "count": 98091,
                    "self": 2.917713599952549,
                    "children": {
                        "env_step": {
                            "total": 4116.083560499977,
                            "count": 98091,
                            "self": 3570.3640830999607,
                            "children": {
                                "SubprocessEnvManager._take_step": {
                                    "total": 542.9842756000495,
                                    "count": 98091,
                                    "self": 14.969673800097098,
                                    "children": {
                                        "TorchPolicy.evaluate": {
                                            "total": 528.0146017999524,
                                            "count": 88746,
                                            "self": 92.00680190005221,
                                            "children": {
                                                "TorchPolicy.sample_actions": {
                                                    "total": 436.0077998999002,
                                                    "count": 88746,
                                                    "self": 436.0077998999002
                                                }
                                            }
                                        }
                                    }
                                },
                                "workers": {
                                    "total": 2.7352017999664184,
                                    "count": 98090,
                                    "self": 0.0,
                                    "children": {
                                        "worker_root": {
                                            "total": 4119.7210715000165,
                                            "count": 98090,
                                            "is_parallel": true,
                                            "self": 2401.8613530999455,
                                            "children": {
                                                "steps_from_proto": {
                                                    "total": 0.0012843999999958555,
                                                    "count": 1,
                                                    "is_parallel": true,
                                                    "self": 0.00014760000000535456,
                                                    "children": {
                                                        "_process_vector_observation": {
                                                            "total": 0.001136799999990501,
                                                            "count": 4,
                                                            "is_parallel": true,
                                                            "self": 0.001136799999990501
                                                        }
                                                    }
                                                },
                                                "UnityEnvironment.step": {
                                                    "total": 1717.8584340000712,
                                                    "count": 98090,
                                                    "is_parallel": true,
                                                    "self": 44.20194219995551,
                                                    "children": {
                                                        "UnityEnvironment._generate_step_input": {
                                                            "total": 87.26988000005997,
                                                            "count": 98090,
                                                            "is_parallel": true,
                                                            "self": 87.26988000005997
                                                        },
                                                        "communicator.exchange": {
                                                            "total": 1392.769657500038,
                                                            "count": 98090,
                                                            "is_parallel": true,