{
    "name": "root",
    "gauges": {
        "shooter.Policy.Entropy.mean": {
            "value": 0.9320577383041382,
            "min": 0.9320577383041382,
            "max": 0.951207160949707,
            "count": 14
        },
        "shooter.Policy.ExtrinsicValueEstimate.mean": {
            "value": -23.92264747619629,
            "min": -24.774091720581055,
            "max": -20.07899284362793,
            "count": 14
        },
        "shooter.Environment.EpisodeLength.mean": {
            "value": 673.2941176470588,
            "min": 102.2,
            "max": 721.0,
            "count": 14
        },
        "shooter.Environment.CumulativeReward.mean": {
            "value": -150.7970587786506,
            "min": -169.26111139191522,
            "max": 74.38000030517578,
            "count": 14
        },
        "shooter.Policy.ExtrinsicReward.mean": {
            "value": -150.7970587786506,
            "min": -169.26111139191522,
            "max": 74.38000030517578,
            "count": 14
        },
        "shooter.IsTraining.mean": {
            "value": 1.0,
            "min": 1.0,
            "max": 1.0,
            "count": 14
        },
        "shooter.Losses.PolicyLoss.mean": {
            "value": 0.037847856690063963,
            "min": 0.029352019302803473,
            "max": 0.03877589466901554,
            "count": 13
        },
        "shooter.Losses.ValueLoss.mean": {
            "value": 12.863913308203337,
            "min": 6.429326765177393,
            "max": 97.61967640121779,
            "count": 13
        },
        "shooter.Policy.LearningRate.mean": {
            "value": 0.00018029523990160002,
            "min": 0.00018029523990160002,
            "max": 0.00018755247748252,
            "count": 13
        },
        "shooter.Policy.Epsilon.mean": {
            "value": 0.22019679999999997,
            "min": 0.22019679999999997,
            "max": 0.22503496,
            "count": 13
        },
        "shooter.Policy.Beta.mean": {
            "value": 0.006013830159999999,
            "min": 0.006013830159999999,
            "max": 0.006255496252,
            "count": 13
        }
    },
    "metadata": {
        "timer_format_version": "0.1.0",
        "start_time_seconds": "1611154750",
        "python_version": "3.7.7 (tags/v3.7.7:d7c567b08f, Mar 10 2020, 10:41:24) [MSC v.1900 64 bit (AMD64)]",
        "command_line_arguments": "F:\\python 3.7\\Scripts\\mlagents-learn config/shooter_config.yaml --run-id=test1 --resume",
        "mlagents_version": "0.23.0",
        "mlagents_envs_version": "0.23.0",
        "communication_protocol_version": "1.3.0",
        "pytorch_version": "1.7.1+cpu",
        "numpy_version": "1.19.5",
        "end_time_seconds": "1611155152"
    },
    "total": 402.3081853,
    "count": 1,
    "self": 0.010826999999949294,
    "children": {
        "run_training.setup": {
            "total": 0.06056639999999991,
            "count": 1,
            "self": 0.06056639999999991
        },
        "TrainerController.start_learning": {
            "total": 402.2367919,
            "count": 1,
            "self": 1.3291613999998617,
            "children": {
                "TrainerController._reset_env": {
                    "total": 22.3466404,
                    "count": 1,
                    "self": 22.3466404
                },
                "TrainerController.advance": {
                    "total": 378.4186498000002,
                    "count": 6908,
                    "self": 0.18458850000047278,
                    "children": {
                        "env_step": {
                            "total": 378.2340612999997,
                            "count": 6908,
                            "self": 341.51446939999664,
                            "children": {
                                "SubprocessEnvManager._take_step": {
                                    "total": 36.5364436000026,
                                    "count": 6908,
                                    "self": 0.9788590000007815,
                                    "children": {
                                        "TorchPolicy.evaluate": {
                                            "total": 35.55758460000182,
                                            "count": 6741,
                                            "self": 9.006019700001836,
                                            "children": {
                                                "TorchPolicy.sample_actions": {
                                                    "total": 26.55156489999998,
                                                    "count": 6741,
                                                    "self": 26.55156489999998
                                                }
                                            }
                                        }
                                    }
                                },
                                "workers": {
                                    "total": 0.18314830000050364,
                                    "count": 6907,
                                    "self": 0.0,
                                    "children": {
                                        "worker_root": {
                                            "total": 378.6324605999993,
                                            "count": 6907,
                                            "is_parallel": true,
                                            "self": 130.84702759999888,
                                            "children": {
                                                "steps_from_proto": {
                                                    "total": 0.0012096000000028084,
                                                    "count": 1,
                                                    "is_parallel": true,
                                                    "self": 0.00015140000000357645,
                                                    "children": {
                                                        "_process_vector_observation": {
                                                            "total": 0.001058199999999232,
                                                            "count": 4,
                                                            "is_parallel": true,
                                                            "self": 0.001058199999999232
                                                        }
                                                    }
                                                },
                                                "UnityEnvironment.step": {
                                                    "total": 247.78422340000043,
                                                    "count": 6907,
                                                    "is_parallel": true,
                                                    "self": 3.1418103000020494,
                                                    "children": {
                                                        "UnityEnvironment._generate_step_input": {
                                                            "total": 6.4839370999996575,
                                                            "count": 6907,
                                                            "is_parallel": true,
                                                            "self": 6.4839370999996575
                                                        },
                                                        "communicator.exchange": {
                                                            "total": 224.41609649999967,
                                                            "count": 6907,
                                                            "is_parallel": true,