{"cameraMode":{"drawMode":0,"name":"Shaded","section":"Shading Mode"},"sceneLighting":false,"audioPlay":false,"sceneViewState":{"showFog":true,"showMaterialUpdate":true,"showSkybox":false,"showFlares":true,"showImageEffects":true,"showParticleSystems":true,"showVisualEffectGraphs":true,"m_FxEnabled":true},"in2DMode":false,"pivot":{"x":0.17349869012832642,"y":0.19573435187339784,"z":0.07019039988517761},"rotation":{"x":-0.1095992922782898,"y":0.8554702997207642,"z":-0.20201455056667329,"w":-0.4641006588935852},"size":0.20766597986221314,"orthographic":false}