{
    "name": "root",
    "gauges": {
        "shooter.Policy.Entropy.mean": {
            "value": 0.8236612677574158,
            "min": 0.8236562609672546,
            "max": 1.2345048189163208,
            "count": 319
        },
        "shooter.Policy.ExtrinsicValueEstimate.mean": {
            "value": -28.557802200317383,
            "min": -54.35513687133789,
            "max": -10.257720947265625,
            "count": 319
        },
        "shooter.IsTraining.mean": {
            "value": 1.0,
            "min": 1.0,
            "max": 1.0,
            "count": 319
        },
        "shooter.Losses.PolicyLoss.mean": {
            "value": 0.030913527670539526,
            "min": 0.029546433726864052,
            "max": 0.1198530293456012,
            "count": 318
        },
        "shooter.Losses.ValueLoss.mean": {
            "value": 67.9336689710617,
            "min": 11.393352468808493,
            "max": 155.7803601026535,
            "count": 318
        },
        "shooter.Policy.LearningRate.mean": {
            "value": 3.4277988577332854e-07,
            "min": 3.4277988577332854e-07,
            "max": 0.00019050323649893335,
            "count": 318
        },
        "shooter.Policy.Epsilon.mean": {
            "value": 0.10022845333333334,
            "min": 0.10022845333333334,
            "max": 0.2270021333333333,
            "count": 318
        },
        "shooter.Policy.Beta.mean": {
            "value": 2.141124399999984e-05,
            "min": 2.141124399999984e-05,
            "max": 0.00635375656,
            "count": 318
        },
        "shooter.Environment.EpisodeLength.mean": {
            "value": 253.94594594594594,
            "min": 178.625,
            "max": 398.6296296296296,
            "count": 318
        },
        "shooter.Environment.CumulativeReward.mean": {
            "value": -90.56474143266678,
            "min": -215.80242771572537,
            "max": -43.771719512939455,
            "count": 318
        },
        "shooter.Policy.ExtrinsicReward.mean": {
            "value": -90.56474143266678,
            "min": -215.80242771572537,
            "max": -43.771719512939455,
            "count": 318
        }
    },
    "metadata": {
        "timer_format_version": "0.1.0",
        "start_time_seconds": "1611582029",
        "python_version": "3.7.7 (tags/v3.7.7:d7c567b08f, Mar 10 2020, 10:41:24) [MSC v.1900 64 bit (AMD64)]",
        "command_line_arguments": "F:\\python 3.7\\Scripts\\mlagents-learn config/shooter_config.yaml --run-id=test9 --resume",
        "mlagents_version": "0.23.0",
        "mlagents_envs_version": "0.23.0",
        "communication_protocol_version": "1.3.0",
        "pytorch_version": "1.7.1+cpu",
        "numpy_version": "1.19.5",
        "end_time_seconds": "1611588871"
    },
    "total": 6842.606882399999,
    "count": 1,
    "self": 0.014679299999443174,
    "children": {
        "run_training.setup": {
            "total": 0.022275299999999998,
            "count": 1,
            "self": 0.022275299999999998
        },
        "TrainerController.start_learning": {
            "total": 6842.5699278,
            "count": 1,
            "self": 8.767658300121184,
            "children": {
                "TrainerController._reset_env": {
                    "total": 10.8915474,
                    "count": 1,
                    "self": 10.8915474
                },
                "TrainerController.advance": {
                    "total": 6822.75501559988,
                    "count": 168577,
                    "self": 4.840396099989448,
                    "children": {
                        "env_step": {
                            "total": 6817.91461949989,
                            "count": 168577,
                            "self": 5881.754746399364,
                            "children": {
                                "SubprocessEnvManager._take_step": {
                                    "total": 931.4770084001599,
                                    "count": 168577,
                                    "self": 24.83890260020985,
                                    "children": {
                                        "TorchPolicy.evaluate": {
                                            "total": 906.63810579995,
                                            "count": 159258,
                                            "self": 169.99618229983196,
                                            "children": {
                                                "TorchPolicy.sample_actions": {
                                                    "total": 736.6419235001181,
                                                    "count": 159258,
                                                    "self": 736.6419235001181
                                                }
                                            }
                                        }
                                    }
                                },
                                "workers": {
                                    "total": 4.682864700366034,
                                    "count": 168577,
                                    "self": 0.0,
                                    "children": {
                                        "worker_root": {
                                            "total": 6823.503856799913,
                                            "count": 168577,
                                            "is_parallel": true,
                                            "self": 3782.044136999964,
                                            "children": {
                                                "steps_from_proto": {
                                                    "total": 0.0011743000000006276,
                                                    "count": 1,
                                                    "is_parallel": true,
                                                    "self": 0.00015110000000007062,
                                                    "children": {
                                                        "_process_vector_observation": {
                                                            "total": 0.001023200000000557,
                                                            "count": 4,
                                                            "is_parallel": true,
                                                            "self": 0.001023200000000557
                                                        }
                                                    }
                                                },
                                                "UnityEnvironment.step": {
                                                    "total": 3041.4585454999487,
                                                    "count": 168577,
                                                    "is_parallel": true,
                                                    "self": 76.88077780005369,
                                                    "children": {
                                                        "UnityEnvironment._generate_step_input": {
                                                            "total": 160.67004589978146,
                                                            "count": 168577,
                                                            "is_parallel": true,
                                                            "self": 160.67004589978146
                                                        },
                                                        "communicator.exchange": {
                                                            "total": 2457.320619699938,
                                                            "count": 168577,
                                                            "is_parallel": true,