{"cameraMode":{"drawMode":0,"name":"Shaded","section":"Shading Mode"},"sceneLighting":false,"audioPlay":false,"sceneViewState":{"showFog":true,"showMaterialUpdate":true,"showSkybox":false,"showFlares":true,"showImageEffects":true,"showParticleSystems":true,"showVisualEffectGraphs":true,"m_FxEnabled":true},"in2DMode":false,"pivot":{"x":-0.1822185218334198,"y":0.20166632533073426,"z":-0.02990412712097168},"rotation":{"x":-0.014827593229711056,"y":0.9852245450019836,"z":-0.11969530582427979,"w":-0.12205878645181656},"size":0.7080084681510925,"orthographic":false}