{
    "name": "root",
    "gauges": {
        "shooter.Policy.Entropy.mean": {
            "value": 1.2162586450576782,
            "min": 1.2162586450576782,
            "max": 1.3265163898468018,
            "count": 88
        },
        "shooter.Environment.EpisodeLength.mean": {
            "value": 291.4,
            "min": 55.9585798816568,
            "max": 344.2258064516129,
            "count": 88
        },
        "shooter.Policy.ExtrinsicValueEstimate.mean": {
            "value": 53.41946792602539,
            "min": 13.2979097366333,
            "max": 78.53357696533203,
            "count": 88
        },
        "shooter.Environment.CumulativeReward.mean": {
            "value": 18.735667355855306,
            "min": 2.1145173811143443,
            "max": 97.18349146984032,
            "count": 88
        },
        "shooter.Policy.ExtrinsicReward.mean": {
            "value": 18.735667355855306,
            "min": 2.1145173811143443,
            "max": 97.18349146984032,
            "count": 88
        },
        "shooter.Losses.PolicyLoss.mean": {
            "value": 0.019691009777307044,
            "min": 0.017287684261100368,
            "max": 0.08892258148698602,
            "count": 88
        },
        "shooter.Losses.ValueLoss.mean": {
            "value": 54.570685958862306,
            "min": 0.884883850812912,
            "max": 103.1114559173584,
            "count": 88
        },
        "shooter.Policy.LearningRate.mean": {
            "value": 0.00041273191745361997,
            "min": 0.00041273191745361997,
            "max": 0.0004991685001663,
            "count": 88
        },
        "shooter.Policy.Epsilon.mean": {
            "value": 0.26509276,
            "min": 0.26509276,
            "max": 0.29966740000000003,
            "count": 88
        },
        "shooter.Policy.Beta.mean": {
            "value": 0.008256383362,
            "min": 0.008256383362,
            "max": 0.00998338663,
            "count": 88
        },
        "shooter.IsTraining.mean": {
            "value": 1.0,
            "min": 1.0,
            "max": 1.0,
            "count": 88
        }
    },
    "metadata": {
        "timer_format_version": "0.1.0",
        "start_time_seconds": "1612276593",
        "python_version": "3.7.7 (tags/v3.7.7:d7c567b08f, Mar 10 2020, 10:41:24) [MSC v.1900 64 bit (AMD64)]",
        "command_line_arguments": "F:\\python 3.7\\Scripts\\mlagents-learn config/shooter_config.yaml --initialize-from=test2.1 --run-id=test2.2",
        "mlagents_version": "0.23.0",
        "mlagents_envs_version": "0.23.0",
        "communication_protocol_version": "1.3.0",
        "pytorch_version": "1.7.1+cpu",
        "numpy_version": "1.18.4",
        "end_time_seconds": "1612278757"
    },
    "total": 2164.4189241999998,
    "count": 1,
    "self": 0.013499099999989994,
    "children": {
        "run_training.setup": {
            "total": 0.011755900000000041,
            "count": 1,
            "self": 0.011755900000000041
        },
        "TrainerController.start_learning": {
            "total": 2164.3936691999997,
            "count": 1,
            "self": 2.672864299984667,
            "children": {
                "TrainerController._reset_env": {
                    "total": 54.377865699999994,
                    "count": 1,
                    "self": 54.377865699999994
                },
                "TrainerController.advance": {
                    "total": 2107.1589395000155,
                    "count": 50921,
                    "self": 1.455238099991675,
                    "children": {
                        "env_step": {
                            "total": 2105.703701400024,
                            "count": 50921,
                            "self": 1856.048089899976,
                            "children": {
                                "SubprocessEnvManager._take_step": {
                                    "total": 248.15406420003146,
                                    "count": 50921,
                                    "self": 7.048051800029725,
                                    "children": {
                                        "TorchPolicy.evaluate": {
                                            "total": 241.10601240000173,
                                            "count": 44337,
                                            "self": 44.01027310000205,
                                            "children": {
                                                "TorchPolicy.sample_actions": {
                                                    "total": 197.09573929999968,
                                                    "count": 44337,
                                                    "self": 197.09573929999968
                                                }
                                            }
                                        }
                                    }
                                },
                                "workers": {
                                    "total": 1.5015473000163269,
                                    "count": 50920,
                                    "self": 0.0,
                                    "children": {
                                        "worker_root": {
                                            "total": 2107.1795378999736,
                                            "count": 50920,
                                            "is_parallel": true,
                                            "self": 721.4525953999635,
                                            "children": {
                                                "steps_from_proto": {
                                                    "total": 0.0012048999999976218,
                                                    "count": 1,
                                                    "is_parallel": true,
                                                    "self": 0.00016680000000235395,
                                                    "children": {
                                                        "_process_vector_observation": {
                                                            "total": 0.0010380999999952678,
                                                            "count": 4,
                                                            "is_parallel": true,
                                                            "self": 0.0010380999999952678
                                                        }
                                                    }
                                                },
                                                "UnityEnvironment.step": {
                                                    "total": 1385.7257376000102,
                                                    "count": 50920,
                                                    "is_parallel": true,
                                                    "self": 24.37095300002852,
                                                    "children": {
                                                        "UnityEnvironment._generate_step_input": {
                                                            "total": 37.004086199991036,
                                                            "count": 50920,
                                                            "is_parallel": true,
                                                            "self": 37.004086199991036
                                                        },
                                                        "communicator.exchange": {
                                                            "total": 1231.0259651000104,
                                                            "count": 50920,
                                                            "is_parallel": true,