{"cameraMode":{"drawMode":0,"name":"Shaded","section":"Shading Mode"},"sceneLighting":false,"audioPlay":false,"sceneViewState":{"showFog":true,"showMaterialUpdate":true,"showSkybox":false,"showFlares":true,"showImageEffects":true,"showParticleSystems":true},"in2DMode":false,"pivot":{"x":-1.0867986679077149,"y":0.1932114064693451,"z":-11.645240783691407},"rotation":{"x":-0.010826587677001953,"y":-0.6920254826545715,"z":-0.01038115844130516,"w":0.7217187881469727},"size":2.302368640899658,"orthographic":false}