{"cameraMode":{"drawMode":0,"name":"Shaded","section":"Shading Mode"},"sceneLighting":false,"audioPlay":false,"sceneViewState":{"showFog":true,"showMaterialUpdate":true,"showSkybox":false,"showFlares":true,"showImageEffects":true,"showParticleSystems":true},"in2DMode":false,"pivot":{"x":-1.4207245111465455,"y":1.6948424577713013,"z":-3.5496294498443605},"rotation":{"x":0.004204158671200275,"y":-0.7134299278259277,"z":0.004280664026737213,"w":0.7007026076316834},"size":3.9808123111724855,"orthographic":false}