{"cameraMode":{"drawMode":0,"name":"Shaded","section":"Shading Mode"},"sceneLighting":true,"audioPlay":false,"sceneViewState":{"showFog":true,"showMaterialUpdate":true,"showSkybox":true,"showFlares":true,"showImageEffects":true,"showParticleSystems":true},"in2DMode":false,"pivot":{"x":-9.706073760986329,"y":0.12293446063995362,"z":-3.490675926208496},"rotation":{"x":0.016571063548326494,"y":-0.7891548275947571,"z":0.021312659606337549,"w":0.6136034727096558},"size":18.853271484375,"orthographic":false}