{"cameraMode":{"drawMode":0,"name":"Shaded","section":"Shading Mode"},"sceneLighting":true,"audioPlay":false,"sceneViewState":{"showFog":true,"showMaterialUpdate":true,"showSkybox":true,"showFlares":true,"showImageEffects":true,"showParticleSystems":true},"in2DMode":false,"pivot":{"x":0.3680572509765625,"y":2.2991912364959719,"z":-0.9156839847564697},"rotation":{"x":0.010513889603316784,"y":-0.6271795630455017,"z":0.008467466570436955,"w":0.77875816822052},"size":7.198145389556885,"orthographic":false}