{"cameraMode":{"drawMode":0,"name":"Shaded","section":"Shading Mode"},"sceneLighting":true,"audioPlay":false,"sceneViewState":{"showFog":true,"showMaterialUpdate":true,"showSkybox":true,"showFlares":true,"showImageEffects":true,"showParticleSystems":true},"in2DMode":false,"pivot":{"x":1.6270561218261719,"y":1.7140382528305054,"z":-1.2419614791870118},"rotation":{"x":0.0058784871362149719,"y":0.20023587346076966,"z":-0.0012012633960694075,"w":0.9797305464744568},"size":5.395676136016846,"orthographic":false}