{"cameraMode":{"drawMode":0,"name":"Shaded","section":"Shading Mode"},"sceneLighting":false,"audioPlay":false,"sceneViewState":{"showFog":true,"showMaterialUpdate":true,"showSkybox":false,"showFlares":true,"showImageEffects":true,"showParticleSystems":true},"in2DMode":false,"pivot":{"x":0.0,"y":0.10000002384185791,"z":0.07499998807907105},"rotation":{"x":0.010513889603316784,"y":-0.6271795630455017,"z":0.008467466570436955,"w":0.77875816822052},"size":0.6852966547012329,"orthographic":false}