{"cameraMode":{"drawMode":0,"name":"Shaded","section":"Shading Mode"},"sceneLighting":false,"audioPlay":false,"sceneViewState":{"showFog":true,"showMaterialUpdate":true,"showSkybox":false,"showFlares":true,"showImageEffects":true,"showParticleSystems":true},"in2DMode":false,"pivot":{"x":2.384185791015625e-7,"y":0.8850403428077698,"z":-0.007395803928375244},"rotation":{"x":0.03196920454502106,"y":-0.677256166934967,"z":0.029479313641786577,"w":0.734462320804596},"size":4.538217067718506,"orthographic":false}