{"cameraMode":{"drawMode":0,"name":"Shaded","section":"Shading Mode"},"sceneLighting":false,"audioPlay":false,"sceneViewState":{"showFog":true,"showMaterialUpdate":true,"showSkybox":false,"showFlares":true,"showImageEffects":true,"showParticleSystems":true},"in2DMode":false,"pivot":{"x":0.5297025442123413,"y":1.8630599975585938,"z":0.7524310350418091},"rotation":{"x":0.06893951445817948,"y":-0.7130799889564514,"z":0.07082650065422058,"w":0.694081723690033},"size":2.586615800857544,"orthographic":false}