{"cameraMode":{"drawMode":0,"name":"Shaded","section":"Shading Mode"},"sceneLighting":false,"audioPlay":false,"sceneViewState":{"showFog":true,"showMaterialUpdate":true,"showSkybox":false,"showFlares":true,"showImageEffects":true,"showParticleSystems":true},"in2DMode":false,"pivot":{"x":-0.003188788890838623,"y":-0.0004837512969970703,"z":0.07601970434188843},"rotation":{"x":0.059184346348047259,"y":-0.6646884679794312,"z":0.0529545433819294,"w":0.7428897023200989},"size":0.8715767860412598,"orthographic":false}