{"cameraMode":{"drawMode":0,"name":"Shaded","section":"Shading Mode"},"sceneLighting":false,"audioPlay":false,"sceneViewState":{"showFog":true,"showMaterialUpdate":true,"showSkybox":false,"showFlares":true,"showImageEffects":true,"showParticleSystems":true},"in2DMode":false,"pivot":{"x":-0.23954391479492188,"y":1.063053846359253,"z":-3.1452207565307619},"rotation":{"x":0.049653079360723498,"y":-0.8301753401756287,"z":0.0749182403087616,"w":0.5502108335494995},"size":5.099411487579346,"orthographic":false}