{
    "name": "root",
    "gauges": {
        "shooter.Policy.Entropy.mean": {
            "value": 1.7306629419326782,
            "min": 1.6000850200653076,
            "max": 1.731170892715454,
            "count": 100
        },
        "shooter.Environment.EpisodeLength.mean": {
            "value": 36.47924528301887,
            "min": 34.65827338129496,
            "max": 98.70873786407768,
            "count": 100
        },
        "shooter.Policy.ExtrinsicValueEstimate.mean": {
            "value": 42.142059326171875,
            "min": 8.947444915771484,
            "max": 45.37568283081055,
            "count": 100
        },
        "shooter.Environment.CumulativeReward.mean": {
            "value": 39.28541424780181,
            "min": -35.91397649339102,
            "max": 43.13820690578885,
            "count": 100
        },
        "shooter.Policy.ExtrinsicReward.mean": {
            "value": 39.28541424780181,
            "min": -35.91397649339102,
            "max": 43.13820690578885,
            "count": 100
        },
        "shooter.Losses.PolicyLoss.mean": {
            "value": 0.031712969594789676,
            "min": 0.027795907841664302,
            "max": 0.039528789090766736,
            "count": 100
        },
        "shooter.Losses.ValueLoss.mean": {
            "value": 202.34262364109358,
            "min": 92.09004743397236,
            "max": 619.4175972938538,
            "count": 100
        },
        "shooter.Policy.LearningRate.mean": {
            "value": 0.00024031705989431998,
            "min": 0.00024031705989431998,
            "max": 0.00029962794012401993,
            "count": 100
        },
        "shooter.Policy.Epsilon.mean": {
            "value": 0.26021136,
            "min": 0.26021136,
            "max": 0.29975196000000004,
            "count": 100
        },
        "shooter.Policy.Beta.mean": {
            "value": 0.008012557432,
            "min": 0.008012557432,
            "max": 0.009987610402,
            "count": 100
        },
        "shooter.IsTraining.mean": {
            "value": 1.0,
            "min": 1.0,
            "max": 1.0,
            "count": 100
        }
    },
    "metadata": {
        "timer_format_version": "0.1.0",
        "start_time_seconds": "1611178609",
        "python_version": "3.7.7 (tags/v3.7.7:d7c567b08f, Mar 10 2020, 10:41:24) [MSC v.1900 64 bit (AMD64)]",
        "command_line_arguments": "F:\\python 3.7\\Scripts\\mlagents-learn config/shooter_config.yaml --initialize-from=test6 --run-id=test7",
        "mlagents_version": "0.23.0",
        "mlagents_envs_version": "0.23.0",
        "communication_protocol_version": "1.3.0",
        "pytorch_version": "1.7.1+cpu",
        "numpy_version": "1.19.5",
        "end_time_seconds": "1611180919"
    },
    "total": 2309.9365115,
    "count": 1,
    "self": 0.010819699999956356,
    "children": {
        "run_training.setup": {
            "total": 0.012665300000000101,
            "count": 1,
            "self": 0.012665300000000101
        },
        "TrainerController.start_learning": {
            "total": 2309.9130265,
            "count": 1,
            "self": 3.4893115000008947,
            "children": {
                "TrainerController._reset_env": {
                    "total": 25.0833983,
                    "count": 1,
                    "self": 25.0833983
                },
                "TrainerController.advance": {
                    "total": 2281.2002274999986,
                    "count": 67375,
                    "self": 1.9212792999960584,
                    "children": {
                        "env_step": {
                            "total": 2279.2789482000026,
                            "count": 67375,
                            "self": 2016.6960074000017,
                            "children": {
                                "SubprocessEnvManager._take_step": {
                                    "total": 260.6873402000137,
                                    "count": 67375,
                                    "self": 8.228793899989057,
                                    "children": {
                                        "TorchPolicy.evaluate": {
                                            "total": 252.45854630002464,
                                            "count": 50105,
                                            "self": 47.05400330001919,
                                            "children": {
                                                "TorchPolicy.sample_actions": {
                                                    "total": 205.40454300000545,
                                                    "count": 50105,
                                                    "self": 205.40454300000545
                                                }
                                            }
                                        }
                                    }
                                },
                                "workers": {
                                    "total": 1.8956005999872936,
                                    "count": 67374,
                                    "self": 0.0,
                                    "children": {
                                        "worker_root": {
                                            "total": 2281.396030499985,
                                            "count": 67374,
                                            "is_parallel": true,
                                            "self": 1351.50986190002,
                                            "children": {
                                                "steps_from_proto": {
                                                    "total": 0.0017923999999993612,
                                                    "count": 1,
                                                    "is_parallel": true,
                                                    "self": 0.00017420000000356595,
                                                    "children": {
                                                        "_process_vector_observation": {
                                                            "total": 0.0016181999999957952,
                                                            "count": 4,
                                                            "is_parallel": true,
                                                            "self": 0.0016181999999957952
                                                        }
                                                    }
                                                },
                                                "UnityEnvironment.step": {
                                                    "total": 929.8843761999651,
                                                    "count": 67374,
                                                    "is_parallel": true,
                                                    "self": 27.29747139991514,
                                                    "children": {
                                                        "UnityEnvironment._generate_step_input": {
                                                            "total": 51.02167160000633,
                                                            "count": 67374,
                                                            "is_parallel": true,
                                                            "self": 51.02167160000633
                                                        },
                                                        "communicator.exchange": {
                                                            "total": 733.4523826000038,
                                                            "count": 67374,
                                                            "is_parallel": true,