{"count":1,"self":748.4261376,"total":5390.4344335999995,"children":{"AgentSendState":{"count":607351,"self":58.641216,"total":657.38825609999992,"children":{"CollectObservations":{"count":2429420,"self":16.908815999999998,"total":16.9088155,"children":null},"CollectDiscreteActionMasks":{"count":2429420,"self":7.8017151999999994,"total":7.8017151,"children":null},"AgentInfo.ToProto":{"count":2429420,"self":23.740327999999998,"total":574.0365079,"children":{"GenerateSensorData":{"count":2429420,"self":61.3722304,"total":550.2961801,"children":{"RayPerceptionSensor.Perceive":{"count":2429420,"self":488.92395519999997,"total":488.9239492,"children":null}}}}}}},"DecideAction":{"count":607351,"self":3950.4818176,"total":3950.4818911999996,"children":null},"AgentAct":{"count":607351,"self":32.088864,"total":34.1371604,"children":{"AgentInfo.ToProto":{"count":7059,"self":0.09249919999999999,"total":2.0482953999999998,"children":{"GenerateSensorData":{"count":7059,"self":0.2341189,"total":1.9557962,"children":{"RayPerceptionSensor.Perceive":{"count":7059,"self":1.7216772,"total":1.7216772999999999,"children":null}}}}}}}},"gauges":{"shooter.CumulativeReward":{"count":7059,"max":97.9,"min":-100.051506,"runningAverage":-65.71463,"value":-100.0015,"weightedAverage":-94.030014}},"metadata":{"timer_format_version":"0.1.0","start_time_seconds":"1611494104","unity_version":"2020.1.2f1","command_line_arguments":"F:\\unity\\2020.1.2f1\\Editor\\Unity.exe -projectpath F:\/github repositories\/project-fps\/minor ase project fps -useHub -hubIPC -cloudEnvironment production -hubSessionId 63c6bea0-5dc2-11eb-942c-7793738247ca -accessToken fxaRSOVX1eU9hnTggR8XLNRvertVf9JUpxE5TzkfS2Q008f","communication_protocol_version":"1.0.0","com.unity.ml-agents_version":"1.0.6","scene_name":"mlTraining1","end_time_seconds":"1611499494"}}