{
    "name": "root",
    "gauges": {
        "shooter.Policy.Entropy.mean": {
            "value": 0.8613635897636414,
            "min": 0.8613635897636414,
            "max": 1.7296093702316284,
            "count": 301
        },
        "shooter.Policy.ExtrinsicValueEstimate.mean": {
            "value": -7.924853801727295,
            "min": -29.626678466796875,
            "max": 28.895849227905273,
            "count": 301
        },
        "shooter.Losses.PolicyLoss.mean": {
            "value": 0.03582046652695681,
            "min": 0.03197068371991918,
            "max": 0.053341161206162724,
            "count": 301
        },
        "shooter.Losses.ValueLoss.mean": {
            "value": 75.47681275010109,
            "min": 39.56461125612259,
            "max": 369.1005373954773,
            "count": 301
        },
        "shooter.Policy.LearningRate.mean": {
            "value": 0.00011969466010179999,
            "min": 0.00011969466010179999,
            "max": 0.000299568000144,
            "count": 301
        },
        "shooter.Policy.Epsilon.mean": {
            "value": 0.17979640000000002,
            "min": 0.17979640000000002,
            "max": 0.29971200000000003,
            "count": 301
        },
        "shooter.Policy.Beta.mean": {
            "value": 0.00399583018,
            "min": 0.00399583018,
            "max": 0.0099856144,
            "count": 301
        },
        "shooter.Environment.EpisodeLength.mean": {
            "value": 221.1590909090909,
            "min": 124.90666666666667,
            "max": 367.8181818181818,
            "count": 301
        },
        "shooter.Environment.CumulativeReward.mean": {
            "value": -58.38453689841337,
            "min": -202.86928523670542,
            "max": 16.497844591285244,
            "count": 301
        },
        "shooter.Policy.ExtrinsicReward.mean": {
            "value": -58.38453689841337,
            "min": -202.86928523670542,
            "max": 16.497844591285244,
            "count": 301
        },
        "shooter.IsTraining.mean": {
            "value": 1.0,
            "min": 1.0,
            "max": 1.0,
            "count": 301
        }
    },
    "metadata": {
        "timer_format_version": "0.1.0",
        "start_time_seconds": "1611594113",
        "python_version": "3.7.7 (tags/v3.7.7:d7c567b08f, Mar 10 2020, 10:41:24) [MSC v.1900 64 bit (AMD64)]",
        "command_line_arguments": "F:\\python 3.7\\Scripts\\mlagents-learn config/shooter_config.yaml --initialize-from=test7 --run-id=test10",
        "mlagents_version": "0.23.0",
        "mlagents_envs_version": "0.23.0",
        "communication_protocol_version": "1.3.0",
        "pytorch_version": "1.7.1+cpu",
        "numpy_version": "1.19.5",
        "end_time_seconds": "1611600902"
    },
    "total": 6788.2657096,
    "count": 1,
    "self": 0.012708700000075623,
    "children": {
        "run_training.setup": {
            "total": 0.049688799999999755,
            "count": 1,
            "self": 0.049688799999999755
        },
        "TrainerController.start_learning": {
            "total": 6788.2033121,
            "count": 1,
            "self": 9.531809799945222,
            "children": {
                "TrainerController._reset_env": {
                    "total": 15.3010837,
                    "count": 1,
                    "self": 15.3010837
                },
                "TrainerController.advance": {
                    "total": 6763.0750546000545,
                    "count": 161849,
                    "self": 4.6598498000657855,
                    "children": {
                        "env_step": {
                            "total": 6758.415204799989,
                            "count": 161849,
                            "self": 5816.1771328999175,
                            "children": {
                                "SubprocessEnvManager._take_step": {
                                    "total": 937.66831290001,
                                    "count": 161849,
                                    "self": 24.825439200027745,
                                    "children": {
                                        "TorchPolicy.evaluate": {
                                            "total": 912.8428736999823,
                                            "count": 150824,
                                            "self": 159.5216295000523,
                                            "children": {
                                                "TorchPolicy.sample_actions": {
                                                    "total": 753.32124419993,
                                                    "count": 150824,
                                                    "self": 753.32124419993
                                                }
                                            }
                                        }
                                    }
                                },
                                "workers": {
                                    "total": 4.569759000061335,
                                    "count": 161848,
                                    "self": 0.0,
                                    "children": {
                                        "worker_root": {
                                            "total": 6763.4600839001905,
                                            "count": 161848,
                                            "is_parallel": true,
                                            "self": 3911.0340657001966,
                                            "children": {
                                                "steps_from_proto": {
                                                    "total": 0.0012989000000001028,
                                                    "count": 1,
                                                    "is_parallel": true,
                                                    "self": 0.00014800000000114721,
                                                    "children": {
                                                        "_process_vector_observation": {
                                                            "total": 0.0011508999999989555,
                                                            "count": 4,
                                                            "is_parallel": true,
                                                            "self": 0.0011508999999989555
                                                        }
                                                    }
                                                },
                                                "UnityEnvironment.step": {
                                                    "total": 2852.4247192999937,
                                                    "count": 161848,
                                                    "is_parallel": true,
                                                    "self": 74.37303069995323,
                                                    "children": {
                                                        "UnityEnvironment._generate_step_input": {
                                                            "total": 153.02533509997215,
                                                            "count": 161848,
                                                            "is_parallel": true,
                                                            "self": 153.02533509997215
                                                        },
                                                        "communicator.exchange": {
                                                            "total": 2294.4190783000213,
                                                            "count": 161848,
                                                            "is_parallel": true,