{
    "name": "root",
    "gauges": {
        "shooter.Policy.Entropy.mean": {
            "value": 1.740757942199707,
            "min": 1.730485200881958,
            "max": 1.740757942199707,
            "count": 3
        },
        "shooter.Policy.ExtrinsicValueEstimate.mean": {
            "value": -3.750295877456665,
            "min": -3.750295877456665,
            "max": 5.288688659667969,
            "count": 3
        },
        "shooter.Losses.PolicyLoss.mean": {
            "value": 0.27079380822251553,
            "min": 0.255505546182394,
            "max": 0.27079380822251553,
            "count": 3
        },
        "shooter.Losses.ValueLoss.mean": {
            "value": 72.30084628462791,
            "min": 72.30084628462791,
            "max": 1995.6092153549193,
            "count": 3
        },
        "shooter.Policy.LearningRate.mean": {
            "value": 0.0002984544005152,
            "min": 0.0002984544005152,
            "max": 0.000299568000144,
            "count": 3
        },
        "shooter.Policy.Epsilon.mean": {
            "value": 0.29896960000000006,
            "min": 0.29896960000000006,
            "max": 0.29971200000000003,
            "count": 3
        },
        "shooter.Policy.Beta.mean": {
            "value": 0.009948531520000001,
            "min": 0.009948531520000001,
            "max": 0.0099856144,
            "count": 3
        },
        "shooter.Environment.EpisodeLength.mean": {
            "value": 399.0,
            "min": 399.0,
            "max": 399.0,
            "count": 3
        },
        "shooter.Environment.CumulativeReward.mean": {
            "value": -245.63988876342773,
            "min": -352.0190813064575,
            "max": -239.547358083725,
            "count": 3
        },
        "shooter.Policy.ExtrinsicReward.mean": {
            "value": -245.63988876342773,
            "min": -352.0190813064575,
            "max": -239.547358083725,
            "count": 3
        },
        "shooter.IsTraining.mean": {
            "value": 1.0,
            "min": 1.0,
            "max": 1.0,
            "count": 3
        }
    },
    "metadata": {
        "timer_format_version": "0.1.0",
        "start_time_seconds": "1611667037",
        "python_version": "3.7.7 (tags/v3.7.7:d7c567b08f, Mar 10 2020, 10:41:24) [MSC v.1900 64 bit (AMD64)]",
        "command_line_arguments": "F:\\python 3.7\\Scripts\\mlagents-learn config/shooter_config.yaml --initialize-from=test7 --run-id=test12",
        "mlagents_version": "0.23.0",
        "mlagents_envs_version": "0.23.0",
        "communication_protocol_version": "1.3.0",
        "pytorch_version": "1.7.1+cpu",
        "numpy_version": "1.19.5",
        "end_time_seconds": "1611667177"
    },
    "total": 140.3324287,
    "count": 1,
    "self": 0.010439700000006269,
    "children": {
        "run_training.setup": {
            "total": 0.05493689999999951,
            "count": 1,
            "self": 0.05493689999999951
        },
        "TrainerController.start_learning": {
            "total": 140.2670521,
            "count": 1,
            "self": 0.09150799999983406,
            "children": {
                "TrainerController._reset_env": {
                    "total": 39.3778388,
                    "count": 1,
                    "self": 39.3778388
                },
                "TrainerController.advance": {
                    "total": 100.59631750000018,
                    "count": 1834,
                    "self": 0.04799379999978726,
                    "children": {
                        "env_step": {
                            "total": 100.5483237000004,
                            "count": 1834,
                            "self": 88.28108490000012,
                            "children": {
                                "SubprocessEnvManager._take_step": {
                                    "total": 12.221929000000074,
                                    "count": 1834,
                                    "self": 0.2770219000003209,
                                    "children": {
                                        "TorchPolicy.evaluate": {
                                            "total": 11.944907099999753,
                                            "count": 1834,
                                            "self": 2.4893477999997558,
                                            "children": {
                                                "TorchPolicy.sample_actions": {
                                                    "total": 9.455559299999997,
                                                    "count": 1834,
                                                    "self": 9.455559299999997
                                                }
                                            }
                                        }
                                    }
                                },
                                "workers": {
                                    "total": 0.04530980000019724,
                                    "count": 1833,
                                    "self": 0.0,
                                    "children": {
                                        "worker_root": {
                                            "total": 100.73284140000013,
                                            "count": 1833,
                                            "is_parallel": true,
                                            "self": 40.477191400000066,
                                            "children": {
                                                "steps_from_proto": {
                                                    "total": 0.001219500000004814,
                                                    "count": 1,
                                                    "is_parallel": true,
                                                    "self": 0.00015189999999876136,
                                                    "children": {
                                                        "_process_vector_observation": {
                                                            "total": 0.0010676000000060526,
                                                            "count": 4,
                                                            "is_parallel": true,
                                                            "self": 0.0010676000000060526
                                                        }
                                                    }
                                                },
                                                "UnityEnvironment.step": {
                                                    "total": 60.254430500000055,
                                                    "count": 1833,
                                                    "is_parallel": true,
                                                    "self": 0.8161100000001156,
                                                    "children": {
                                                        "UnityEnvironment._generate_step_input": {
                                                            "total": 1.6424870999998191,
                                                            "count": 1833,
                                                            "is_parallel": true,
                                                            "self": 1.6424870999998191
                                                        },
                                                        "communicator.exchange": {
                                                            "total": 54.207507300000195,
                                                            "count": 1833,
                                                            "is_parallel": true,