{
    "name": "root",
    "gauges": {
        "shooter.Policy.Entropy.mean": {
            "value": 1.2420506477355957,
            "min": 1.237412929534912,
            "max": 1.283294439315796,
            "count": 70
        },
        "shooter.Environment.EpisodeLength.mean": {
            "value": 69.1103448275862,
            "min": 62.688311688311686,
            "max": 87.88888888888889,
            "count": 70
        },
        "shooter.Policy.ExtrinsicValueEstimate.mean": {
            "value": 76.18051147460938,
            "min": 65.09686279296875,
            "max": 76.42585754394531,
            "count": 70
        },
        "shooter.Environment.CumulativeReward.mean": {
            "value": 94.4528478069438,
            "min": 89.71203457298925,
            "max": 96.83354851507372,
            "count": 70
        },
        "shooter.Policy.ExtrinsicReward.mean": {
            "value": 94.4528478069438,
            "min": 89.71203457298925,
            "max": 96.83354851507372,
            "count": 70
        },
        "shooter.Losses.PolicyLoss.mean": {
            "value": 0.028731549501389963,
            "min": 0.014837537426319613,
            "max": 0.03121190984002169,
            "count": 70
        },
        "shooter.Losses.ValueLoss.mean": {
            "value": 17.526136529445647,
            "min": 4.765702962875366,
            "max": 29.691105937957765,
            "count": 70
        },
        "shooter.Policy.LearningRate.mean": {
            "value": 0.00043053246389350994,
            "min": 0.00043053246389350994,
            "max": 0.0004991780001644,
            "count": 70
        },
        "shooter.Policy.Epsilon.mean": {
            "value": 0.27221298,
            "min": 0.27221298,
            "max": 0.2996712,
            "count": 70
        },
        "shooter.Policy.Beta.mean": {
            "value": 0.008612038350999999,
            "min": 0.008612038350999999,
            "max": 0.009983576440000001,
            "count": 70
        },
        "shooter.IsTraining.mean": {
            "value": 1.0,
            "min": 1.0,
            "max": 1.0,
            "count": 70
        }
    },
    "metadata": {
        "timer_format_version": "0.1.0",
        "start_time_seconds": "1612280877",
        "python_version": "3.7.7 (tags/v3.7.7:d7c567b08f, Mar 10 2020, 10:41:24) [MSC v.1900 64 bit (AMD64)]",
        "command_line_arguments": "F:\\python 3.7\\Scripts\\mlagents-learn config/shooter_config.yaml --initialize-from=test2.3 --run-id=test2.4",
        "mlagents_version": "0.23.0",
        "mlagents_envs_version": "0.23.0",
        "communication_protocol_version": "1.3.0",
        "pytorch_version": "1.7.1+cpu",
        "numpy_version": "1.18.4",
        "end_time_seconds": "1612282501"
    },
    "total": 1623.8722689,
    "count": 1,
    "self": 0.011384800000087125,
    "children": {
        "run_training.setup": {
            "total": 0.03392560000000011,
            "count": 1,
            "self": 0.03392560000000011
        },
        "TrainerController.start_learning": {
            "total": 1623.8269585,
            "count": 1,
            "self": 2.140066400009573,
            "children": {
                "TrainerController._reset_env": {
                    "total": 8.1654933,
                    "count": 1,
                    "self": 8.1654933
                },
                "TrainerController.advance": {
                    "total": 1613.3621442999904,
                    "count": 42379,
                    "self": 1.1457456999899023,
                    "children": {
                        "env_step": {
                            "total": 1612.2163986000005,
                            "count": 42379,
                            "self": 1425.0075556000231,
                            "children": {
                                "SubprocessEnvManager._take_step": {
                                    "total": 186.00593979998868,
                                    "count": 42379,
                                    "self": 5.230551600005441,
                                    "children": {
                                        "TorchPolicy.evaluate": {
                                            "total": 180.77538819998324,
                                            "count": 35123,
                                            "self": 31.544641699971464,
                                            "children": {
                                                "TorchPolicy.sample_actions": {
                                                    "total": 149.23074650001178,
                                                    "count": 35123,
                                                    "self": 149.23074650001178
                                                }
                                            }
                                        }
                                    }
                                },
                                "workers": {
                                    "total": 1.2029031999887856,
                                    "count": 42378,
                                    "self": 0.0,
                                    "children": {
                                        "worker_root": {
                                            "total": 1613.4913826000231,
                                            "count": 42378,
                                            "is_parallel": true,
                                            "self": 551.6737514000051,
                                            "children": {
                                                "steps_from_proto": {
                                                    "total": 0.0015798999999994123,
                                                    "count": 1,
                                                    "is_parallel": true,
                                                    "self": 0.00015760000000142327,
                                                    "children": {
                                                        "_process_vector_observation": {
                                                            "total": 0.001422299999997989,
                                                            "count": 4,
                                                            "is_parallel": true,
                                                            "self": 0.001422299999997989
                                                        }
                                                    }
                                                },
                                                "UnityEnvironment.step": {
                                                    "total": 1061.816051300018,
                                                    "count": 42378,
                                                    "is_parallel": true,
                                                    "self": 18.24854669997717,
                                                    "children": {
                                                        "UnityEnvironment._generate_step_input": {
                                                            "total": 27.209516900001883,
                                                            "count": 42378,
                                                            "is_parallel": true,
                                                            "self": 27.209516900001883
                                                        },
                                                        "communicator.exchange": {
                                                            "total": 947.5911113000237,
                                                            "count": 42378,
                                                            "is_parallel": true,