{"cameraMode":{"drawMode":0,"name":"Shaded","section":"Shading Mode"},"sceneLighting":true,"audioPlay":false,"sceneViewState":{"showFog":true,"showMaterialUpdate":true,"showSkybox":true,"showFlares":true,"showImageEffects":true,"showParticleSystems":true,"showVisualEffectGraphs":true,"m_FxEnabled":false},"in2DMode":false,"pivot":{"x":-66.39002990722656,"y":2.80739688873291,"z":39.903324127197269},"rotation":{"x":0.6338092088699341,"y":-0.0018353043124079705,"z":0.0016182264080271125,"w":0.7736015319824219},"size":82.52762603759766,"orthographic":false}