{"cameraMode":{"drawMode":0,"name":"Shaded","section":"Shading Mode"},"sceneLighting":true,"audioPlay":false,"sceneViewState":{"showFog":true,"showMaterialUpdate":true,"showSkybox":true,"showFlares":true,"showImageEffects":true,"showParticleSystems":true,"showVisualEffectGraphs":true,"m_FxEnabled":true},"in2DMode":false,"pivot":{"x":7.741600513458252,"y":-0.7853326797485352,"z":1.6043920516967774},"rotation":{"x":0.000219945446588099,"y":-0.9831634759902954,"z":0.18286781013011933,"w":0.0011465414427220822},"size":5.379979133605957,"orthographic":false}