{"cameraMode":{"drawMode":0,"name":"Shaded","section":"Shading Mode"},"sceneLighting":false,"audioPlay":false,"sceneViewState":{"showFog":true,"showMaterialUpdate":true,"showSkybox":true,"showFlares":true,"showImageEffects":true,"showParticleSystems":true,"showVisualEffectGraphs":true,"m_FxEnabled":true},"in2DMode":false,"pivot":{"x":6.2456769943237309,"y":-10.605480194091797,"z":-10.311203002929688},"rotation":{"x":-0.010949060320854187,"y":0.9494860768318176,"z":-0.31191009283065798,"w":-0.03331540524959564},"size":26.816246032714845,"orthographic":false}