{"cameraMode":{"drawMode":0,"name":"Shaded","section":"Shading Mode"},"sceneLighting":false,"audioPlay":false,"sceneViewState":{"showFog":true,"showMaterialUpdate":true,"showSkybox":true,"showFlares":true,"showImageEffects":true,"showParticleSystems":true,"showVisualEffectGraphs":true,"m_FxEnabled":true},"in2DMode":false,"pivot":{"x":6.5069403648376469,"y":-26.353797912597658,"z":40.94501876831055},"rotation":{"x":-0.28903669118881228,"y":-0.03328555077314377,"z":0.010059707798063755,"w":-0.9567041993141174},"size":35.53725814819336,"orthographic":false}