{"cameraMode":{"drawMode":0,"name":"Shaded","section":"Shading Mode"},"sceneLighting":false,"audioPlay":false,"sceneViewState":{"showFog":true,"showMaterialUpdate":true,"showSkybox":true,"showFlares":true,"showImageEffects":true,"showParticleSystems":true,"showVisualEffectGraphs":true,"m_FxEnabled":true},"in2DMode":false,"pivot":{"x":5.082317352294922,"y":-8.630547523498536,"z":-11.607051849365235},"rotation":{"x":-0.013681679032742978,"y":0.9557914733886719,"z":-0.2903262674808502,"w":-0.045025721192359927},"size":26.816246032714845,"orthographic":false}