{"cameraMode":{"drawMode":0,"name":"Shaded","section":"Shading Mode"},"sceneLighting":false,"audioPlay":false,"sceneViewState":{"showFog":true,"showMaterialUpdate":true,"showSkybox":true,"showFlares":true,"showImageEffects":true,"showParticleSystems":true,"showVisualEffectGraphs":true,"m_FxEnabled":true},"in2DMode":false,"pivot":{"x":-18.862030029296876,"y":-8.375486373901368,"z":40.479698181152347},"rotation":{"x":0.03686404973268509,"y":-0.037780653685331348,"z":0.0013701430289074779,"w":0.9986181259155273},"size":43.4096565246582,"orthographic":false}