{
    "name": "root",
    "gauges": {
        "shooter.Policy.Entropy.mean": {
            "value": 1.3373448848724365,
            "min": 1.3373448848724365,
            "max": 1.7332011461257935,
            "count": 242
        },
        "shooter.Policy.ExtrinsicValueEstimate.mean": {
            "value": -18.24216651916504,
            "min": -33.44758224487305,
            "max": 14.13403034210205,
            "count": 242
        },
        "shooter.Environment.EpisodeLength.mean": {
            "value": 348.0,
            "min": 244.29268292682926,
            "max": 399.0,
            "count": 242
        },
        "shooter.Environment.CumulativeReward.mean": {
            "value": -70.47666656970978,
            "min": -99.91346158431126,
            "max": 4.56199951171875,
            "count": 242
        },
        "shooter.Policy.ExtrinsicReward.mean": {
            "value": -70.47666656970978,
            "min": -99.91346158431126,
            "max": 4.56199951171875,
            "count": 242
        },
        "shooter.Losses.PolicyLoss.mean": {
            "value": 0.03164216990296609,
            "min": 0.02705897091937004,
            "max": 0.043742476448642265,
            "count": 242
        },
        "shooter.Losses.ValueLoss.mean": {
            "value": 16.808808338828385,
            "min": 3.3279457756628594,
            "max": 299.6411842703819,
            "count": 242
        },
        "shooter.Policy.LearningRate.mean": {
            "value": 0.00015513967828679,
            "min": 0.00015513967828679,
            "max": 0.0002996295001235,
            "count": 242
        },
        "shooter.Policy.Epsilon.mean": {
            "value": 0.20342642,
            "min": 0.20342642,
            "max": 0.29975300000000005,
            "count": 242
        },
        "shooter.Policy.Beta.mean": {
            "value": 0.005176149679,
            "min": 0.005176149679,
            "max": 0.00998766235,
            "count": 242
        },
        "shooter.IsTraining.mean": {
            "value": 1.0,
            "min": 1.0,
            "max": 1.0,
            "count": 242
        }
    },
    "metadata": {
        "timer_format_version": "0.1.0",
        "start_time_seconds": "1611494094",
        "python_version": "3.7.7 (tags/v3.7.7:d7c567b08f, Mar 10 2020, 10:41:24) [MSC v.1900 64 bit (AMD64)]",
        "command_line_arguments": "F:\\python 3.7\\Scripts\\mlagents-learn config/shooter_config.yaml --initialize-from=test7 --run-id=test8",
        "mlagents_version": "0.23.0",
        "mlagents_envs_version": "0.23.0",
        "communication_protocol_version": "1.3.0",
        "pytorch_version": "1.7.1+cpu",
        "numpy_version": "1.19.5",
        "end_time_seconds": "1611499495"
    },
    "total": 5401.3721964,
    "count": 1,
    "self": 0.012244199999258853,
    "children": {
        "run_training.setup": {
            "total": 0.010970900000000006,
            "count": 1,
            "self": 0.010970900000000006
        },
        "TrainerController.start_learning": {
            "total": 5401.348981300001,
            "count": 1,
            "self": 7.633178299967767,
            "children": {
                "TrainerController._reset_env": {
                    "total": 10.2793969,
                    "count": 1,
                    "self": 10.2793969
                },
                "TrainerController.advance": {
                    "total": 5383.142116800032,
                    "count": 127068,
                    "self": 3.6173535000152697,
                    "children": {
                        "env_step": {
                            "total": 5379.524763300017,
                            "count": 127068,
                            "self": 4578.572895500156,
                            "children": {
                                "SubprocessEnvManager._take_step": {
                                    "total": 797.375198499951,
                                    "count": 127068,
                                    "self": 19.39473309992468,
                                    "children": {
                                        "TorchPolicy.evaluate": {
                                            "total": 777.9804654000263,
                                            "count": 121471,
                                            "self": 130.48614800007886,
                                            "children": {
                                                "TorchPolicy.sample_actions": {
                                                    "total": 647.4943173999475,
                                                    "count": 121471,
                                                    "self": 647.4943173999475
                                                }
                                            }
                                        }
                                    }
                                },
                                "workers": {
                                    "total": 3.5766692999104333,
                                    "count": 127067,
                                    "self": 0.0,
                                    "children": {
                                        "worker_root": {
                                            "total": 5383.360616300046,
                                            "count": 127067,
                                            "is_parallel": true,
                                            "self": 3104.9324718000357,
                                            "children": {
                                                "steps_from_proto": {
                                                    "total": 0.0011951000000003376,
                                                    "count": 1,
                                                    "is_parallel": true,
                                                    "self": 0.00014450000000287844,
                                                    "children": {
                                                        "_process_vector_observation": {
                                                            "total": 0.0010505999999974591,
                                                            "count": 4,
                                                            "is_parallel": true,
                                                            "self": 0.0010505999999974591
                                                        }
                                                    }
                                                },
                                                "UnityEnvironment.step": {
                                                    "total": 2278.42694940001,
                                                    "count": 127067,
                                                    "is_parallel": true,
                                                    "self": 58.28613150014144,
                                                    "children": {
                                                        "UnityEnvironment._generate_step_input": {
                                                            "total": 122.76592960001304,
                                                            "count": 127067,
                                                            "is_parallel": true,
                                                            "self": 122.76592960001304
                                                        },
                                                        "communicator.exchange": {
                                                            "total": 1833.0461006999292,
                                                            "count": 127067,
                                                            "is_parallel": true,