{"cameraMode":{"drawMode":0,"name":"Shaded","section":"Shading Mode"},"sceneLighting":false,"audioPlay":false,"sceneViewState":{"showFog":true,"showMaterialUpdate":true,"showSkybox":false,"showFlares":true,"showImageEffects":true,"showParticleSystems":true,"showVisualEffectGraphs":true,"m_FxEnabled":true},"in2DMode":false,"pivot":{"x":-0.04012465476989746,"y":0.02261674404144287,"z":0.02277330309152603},"rotation":{"x":0.1943625956773758,"y":-0.6659602522850037,"z":0.18602988123893739,"w":0.6957842707633972},"size":0.47320514917373659,"orthographic":false}