{
    "name": "root",
    "gauges": {
        "shooter.Policy.Entropy.mean": {
            "value": 1.3112456798553467,
            "min": 1.2847455739974976,
            "max": 1.423364520072937,
            "count": 200
        },
        "shooter.Policy.ExtrinsicValueEstimate.mean": {
            "value": 72.62395477294922,
            "min": -4.947880744934082,
            "max": 81.86217498779297,
            "count": 200
        },
        "shooter.Environment.EpisodeLength.mean": {
            "value": 57.25714285714286,
            "min": 45.65238095238095,
            "max": 399.0,
            "count": 200
        },
        "shooter.Environment.CumulativeReward.mean": {
            "value": 93.18551374383875,
            "min": -19.999998807907104,
            "max": 97.70440760607968,
            "count": 200
        },
        "shooter.Policy.ExtrinsicReward.mean": {
            "value": 93.18551374383875,
            "min": -19.999998807907104,
            "max": 97.70440760607968,
            "count": 200
        },
        "shooter.Losses.PolicyLoss.mean": {
            "value": 0.025697985067381524,
            "min": 0.018479302784544415,
            "max": 0.03337720342387911,
            "count": 200
        },
        "shooter.Losses.ValueLoss.mean": {
            "value": 15.408445084095002,
            "min": 0.0023512654239311813,
            "max": 83.26258859634399,
            "count": 200
        },
        "shooter.Policy.LearningRate.mean": {
            "value": 0.00030022493995502,
            "min": 0.00030022493995502,
            "max": 0.0004990720001856002,
            "count": 200
        },
        "shooter.Policy.Epsilon.mean": {
            "value": 0.22008996,
            "min": 0.22008996,
            "max": 0.2996288000000001,
            "count": 200
        },
        "shooter.Policy.Beta.mean": {
            "value": 0.006008493502,
            "min": 0.006008493502,
            "max": 0.00998145856,
            "count": 200
        },
        "shooter.IsTraining.mean": {
            "value": 1.0,
            "min": 1.0,
            "max": 1.0,
            "count": 200
        }
    },
    "metadata": {
        "timer_format_version": "0.1.0",
        "start_time_seconds": "1612271705",
        "python_version": "3.7.7 (tags/v3.7.7:d7c567b08f, Mar 10 2020, 10:41:24) [MSC v.1900 64 bit (AMD64)]",
        "command_line_arguments": "F:\\python 3.7\\Scripts\\mlagents-learn config/shooter_config.yaml --run-id=test2.1 --force",
        "mlagents_version": "0.23.0",
        "mlagents_envs_version": "0.23.0",
        "communication_protocol_version": "1.3.0",
        "pytorch_version": "1.7.1+cpu",
        "numpy_version": "1.18.4",
        "end_time_seconds": "1612276195"
    },
    "total": 4489.6190295999995,
    "count": 1,
    "self": 0.014715799999976298,
    "children": {
        "run_training.setup": {
            "total": 0.01197490000000001,
            "count": 1,
            "self": 0.01197490000000001
        },
        "TrainerController.start_learning": {
            "total": 4489.5923389,
            "count": 1,
            "self": 5.762764900084221,
            "children": {
                "TrainerController._reset_env": {
                    "total": 49.143716,
                    "count": 1,
                    "self": 49.143716
                },
                "TrainerController.advance": {
                    "total": 4434.492117899916,
                    "count": 110671,
                    "self": 2.9697510999567385,
                    "children": {
                        "env_step": {
                            "total": 4431.522366799959,
                            "count": 110671,
                            "self": 3887.849656999939,
                            "children": {
                                "SubprocessEnvManager._take_step": {
                                    "total": 540.6455271999939,
                                    "count": 110671,
                                    "self": 14.71714320003639,
                                    "children": {
                                        "TorchPolicy.evaluate": {
                                            "total": 525.9283839999575,
                                            "count": 100370,
                                            "self": 97.90085629997532,
                                            "children": {
                                                "TorchPolicy.sample_actions": {
                                                    "total": 428.0275276999822,
                                                    "count": 100370,
                                                    "self": 428.0275276999822
                                                }
                                            }
                                        }
                                    }
                                },
                                "workers": {
                                    "total": 3.027182600026457,
                                    "count": 110671,
                                    "self": 0.0,
                                    "children": {
                                        "worker_root": {
                                            "total": 4431.140603300064,
                                            "count": 110671,
                                            "is_parallel": true,
                                            "self": 1525.8885957000434,
                                            "children": {
                                                "steps_from_proto": {
                                                    "total": 0.0010073999999988814,
                                                    "count": 1,
                                                    "is_parallel": true,
                                                    "self": 0.00014250000000259888,
                                                    "children": {
                                                        "_process_vector_observation": {
                                                            "total": 0.0008648999999962825,
                                                            "count": 4,
                                                            "is_parallel": true,
                                                            "self": 0.0008648999999962825
                                                        }
                                                    }
                                                },
                                                "UnityEnvironment.step": {
                                                    "total": 2905.2510002000204,
                                                    "count": 110671,
                                                    "is_parallel": true,
                                                    "self": 50.10786010007541,
                                                    "children": {
                                                        "UnityEnvironment._generate_step_input": {
                                                            "total": 77.78007479998118,
                                                            "count": 110671,
                                                            "is_parallel": true,
                                                            "self": 77.78007479998118
                                                        },
                                                        "communicator.exchange": {
                                                            "total": 2585.4765809999544,
                                                            "count": 110671,
                                                            "is_parallel": true,