{
    "name": "root",
    "metadata": {
        "timer_format_version": "0.1.0",
        "start_time_seconds": "1611674528",
        "python_version": "3.7.9 (tags/v3.7.9:13c94747c7, Aug 17 2020, 18:58:18) [MSC v.1900 64 bit (AMD64)]",
        "command_line_arguments": "F:\\python 3.7\\Scripts\\mlagents-learn config/shooter_config.yaml --run-id=test2.1 --force",
        "mlagents_version": "0.23.0",
        "mlagents_envs_version": "0.23.0",
        "communication_protocol_version": "1.3.0",
        "pytorch_version": "1.7.1+cpu",
        "numpy_version": "1.18.5",
        "end_time_seconds": "1611674591"
    },
    "total": 63.663424,
    "count": 1,
    "self": 0.012660700000004965,
    "children": {
        "run_training.setup": {
            "total": 0.010935099999999975,
            "count": 1,
            "self": 0.010935099999999975
        },
        "TrainerController.start_learning": {
            "total": 63.6398282,
            "count": 1,
            "self": 0.02772899999997236,
            "children": {
                "TrainerController._reset_env": {
                    "total": 7.3268759999999995,
                    "count": 1,
                    "self": 7.3268759999999995
                },
                "TrainerController.advance": {
                    "total": 56.05246140000002,
                    "count": 400,
                    "self": 0.010373699999995267,
                    "children": {
                        "env_step": {
                            "total": 56.042087700000025,
                            "count": 400,
                            "self": 54.1753309,
                            "children": {
                                "SubprocessEnvManager._take_step": {
                                    "total": 1.8574061999999945,
                                    "count": 400,
                                    "self": 0.05909300000001494,
                                    "children": {
                                        "TorchPolicy.evaluate": {
                                            "total": 1.7983131999999795,
                                            "count": 400,
                                            "self": 0.287698099999961,
                                            "children": {
                                                "TorchPolicy.sample_actions": {
                                                    "total": 1.5106151000000185,
                                                    "count": 400,
                                                    "self": 1.5106151000000185
                                                }
                                            }
                                        }
                                    }
                                },
                                "workers": {
                                    "total": 0.00935060000002963,
                                    "count": 399,
                                    "self": 0.0,
                                    "children": {
                                        "worker_root": {
                                            "total": 22.640226800000033,
                                            "count": 399,
                                            "is_parallel": true,
                                            "self": 10.146930200000085,
                                            "children": {
                                                "steps_from_proto": {
                                                    "total": 0.0011887000000001535,
                                                    "count": 1,
                                                    "is_parallel": true,
                                                    "self": 0.00014909999999979107,
                                                    "children": {
                                                        "_process_vector_observation": {
                                                            "total": 0.0010396000000003625,
                                                            "count": 4,
                                                            "is_parallel": true,
                                                            "self": 0.0010396000000003625
                                                        }
                                                    }
                                                },
                                                "UnityEnvironment.step": {
                                                    "total": 12.492107899999947,
                                                    "count": 399,
                                                    "is_parallel": true,
                                                    "self": 0.17112590000000694,
                                                    "children": {
                                                        "UnityEnvironment._generate_step_input": {
                                                            "total": 0.3480629999999527,
                                                            "count": 399,
                                                            "is_parallel": true,
                                                            "self": 0.3480629999999527
                                                        },
                                                        "communicator.exchange": {
                                                            "total": 11.294547800000016,
                                                            "count": 399,
                                                            "is_parallel": true,
                                                            "self": 11.294547800000016
                                                        },
                                                        "steps_from_proto": {
                                                            "total": 0.6783711999999733,
                                                            "count": 399,
                                                            "is_parallel": true,
                                                            "self": 0.0870271999999419,
                                                            "children": {
                                                                "_process_vector_observation": {
                                                                    "total": 0.5913440000000314,
                                                                    "count": 1596,
                                                                    "is_parallel": true,
                                                                    "self": 0.5913440000000314
                                                                }
                                                            }
                                                        }
                                                    }
                                                }
                                            }
                                        }
                                    }
                                }
                            }
                        }
                    }
                },
                "trainer_threads": {
                    "total": 3.470000000049822e-05,
                    "count": 1,
                    "self": 3.470000000049822e-05,
                    "children": {
                        "thread_root": {
                            "total": 0.0,
                            "count": 0,
                            "is_parallel": true,
                            "self": 0.0,
                            "children": {
                                "trainer_advance": {
                                    "total": 56.01416910000007,